<application>
  <component name="FileTypeManager" version="18">
    <extensionMap>
      <mapping pattern="ApiApplication.class" type="AUTO_DETECTED" />
      <mapping pattern="buildgradle" type="AUTO_DETECTED" />
      <mapping pattern="datasql2" type="AUTO_DETECTED" />
      <mapping ext="space.kts" type="Kotlin" />
      <mapping ext="gradle.kts" type="Kotlin" />
      <mapping ext="main.kts" type="Kotlin" />
      <mapping pattern="dd" type="Native" />
      <mapping pattern="UserStatus" type="Native" />
      <mapping pattern=".gitkeep" type="PLAIN_TEXT" />
      <mapping pattern="Temperature" type="PLAIN_TEXT" />
      <mapping pattern="resources" type="PLAIN_TEXT" />
      <mapping ext="pln" type="PLAIN_TEXT" />
      <mapping ext="dms" type="PLAIN_TEXT" />
      <mapping ext="propertie" type="PLAIN_TEXT" />
      <removed_mapping ext="apk" approved="true" type="ARCHIVE" />
      <removed_mapping ext="psd" approved="true" type="Image" />
    </extensionMap>
  </component>
</application>