<application>
  <component name="dataSourceStorage" format="xml" multifile-model="true">
    <data-source source="LOCAL" name="Shard 4" uuid="816dbf28-f37c-44e7-82f2-402ba95e37c0">
      <driver-ref>mysql.8</driver-ref>
      <synchronize>true</synchronize>
      <remarks>sGmATXhj4=</remarks>
      <jdbc-driver>com.mysql.cj.jdbc.Driver</jdbc-driver>
      <jdbc-url>jdbc:mysql://ad-chn-cmn01-mra01.kbin.io:13326/sumatra04_development?autoReconnect=true&amp;cacheServerConfiguration=true&amp;useLocalSessionState=true&amp;elideSetAutoCommits=true&amp;connectTimeout=3000&amp;socketTimeout=60000&amp;useSSL=false&amp;useAffectedRows=true</jdbc-url>
      <working-dir>$ProjectFileDir$</working-dir>
    </data-source>
    <data-source source="LOCAL" name="Shard 1" uuid="d3d9b991-2f22-43e4-a713-eeb1e9ddb354">
      <driver-ref>mysql.8</driver-ref>
      <synchronize>true</synchronize>
      <remarks>sGmATXhj4=</remarks>
      <jdbc-driver>com.mysql.cj.jdbc.Driver</jdbc-driver>
      <jdbc-url>jdbc:mysql://ad-chn-cmn01-mra01.kbin.io:13326/sumatra01_development?autoReconnect=true&amp;cacheServerConfiguration=true&amp;useLocalSessionState=true&amp;elideSetAutoCommits=true&amp;connectTimeout=3000&amp;socketTimeout=60000&amp;useSSL=false&amp;useAffectedRows=true</jdbc-url>
      <working-dir>$ProjectFileDir$</working-dir>
    </data-source>
    <data-source source="LOCAL" name="Shard 2" uuid="59c29211-8f01-4f80-8ec4-04b9d2c4b0fb">
      <driver-ref>mysql.8</driver-ref>
      <synchronize>true</synchronize>
      <remarks>sGmATXhj4=</remarks>
      <jdbc-driver>com.mysql.cj.jdbc.Driver</jdbc-driver>
      <jdbc-url>jdbc:mysql://ad-chn-cmn01-mra01.kbin.io:13326/sumatra02_development?autoReconnect=true&amp;cacheServerConfiguration=true&amp;useLocalSessionState=true&amp;elideSetAutoCommits=true&amp;connectTimeout=3000&amp;socketTimeout=60000&amp;useSSL=false&amp;useAffectedRows=true</jdbc-url>
      <working-dir>$ProjectFileDir$</working-dir>
    </data-source>
    <data-source source="LOCAL" name="Sumatra" uuid="8d1471f0-db7e-4baa-8b8f-55e889a996c4">
      <driver-ref>mysql</driver-ref>
      <synchronize>true</synchronize>
      <remarks>sGmATXhj4=</remarks>
      <jdbc-driver>com.mysql.jdbc.Driver</jdbc-driver>
      <jdbc-url>jdbc:mysql://ad-chn-cmn01-mra01.kbin.io:13326/sumatra_development?autoReconnect=true&amp;cacheServerConfiguration=true&amp;useLocalSessionState=true&amp;elideSetAutoCommits=true&amp;connectTimeout=3000&amp;socketTimeout=60000&amp;useSSL=false&amp;useAffectedRows=true</jdbc-url>
      <working-dir>$ProjectFileDir$</working-dir>
    </data-source>
    <data-source source="LOCAL" name="Common" uuid="2a777030-2e9d-45f4-b834-19ea5909abe3">
      <driver-ref>mysql</driver-ref>
      <synchronize>true</synchronize>
      <remarks>jD5jj=qNWZ</remarks>
      <jdbc-driver>com.mysql.jdbc.Driver</jdbc-driver>
      <jdbc-url>jdbc:mysql://ad-chn-msc01-mra01.kbin.io:13326/common_development?autoReconnect=true&amp;cacheServerConfiguration=true&amp;useLocalSessionState=true&amp;elideSetAutoCommits=true&amp;connectTimeout=3000&amp;socketTimeout=60000&amp;useSSL=false&amp;useAffectedRows=true</jdbc-url>
      <working-dir>$ProjectFileDir$</working-dir>
    </data-source>
    <data-source source="LOCAL" name="Shard 3" uuid="afcc22d0-2672-4254-9801-88c2da31efaf">
      <driver-ref>mysql.8</driver-ref>
      <synchronize>true</synchronize>
      <remarks>sGmATXhj4=</remarks>
      <jdbc-driver>com.mysql.cj.jdbc.Driver</jdbc-driver>
      <jdbc-url>jdbc:mysql://ad-chn-cmn01-mra01.kbin.io:13326/sumatra03_development?autoReconnect=true&amp;cacheServerConfiguration=true&amp;useLocalSessionState=true&amp;elideSetAutoCommits=true&amp;connectTimeout=3000&amp;socketTimeout=60000&amp;useSSL=false&amp;useAffectedRows=true</jdbc-url>
      <working-dir>$ProjectFileDir$</working-dir>
    </data-source>
  </component>
</application>