<application>
  <component name="FindSettings">
    <option name="customScope" value="All Places" />
    <option name="defaultScopeName" value="All Places" />
    <option name="SEARCH_SCOPE" value="All Places" />
    <option name="FILE_MASK" value="!gradlew*, !.gitignore, !_apidoc.js" />
    <mask>!gradlew,</mask>
    <mask>!gradlew</mask>
    <mask>!gradlew.*</mask>
    <mask>*.*</mask>
    <mask>!gradlew*, !.gitignore, !.apidocs.js</mask>
    <mask>!gradlew*, !.gitignore, !*.apidocs*</mask>
    <mask>*.css</mask>
    <mask>*.html</mask>
    <mask>*.xml</mask>
    <mask>*.jsp</mask>
    <mask>*.properties</mask>
    <mask>*.java</mask>
    <mask>!gradlew*, !.gitignore</mask>
    <mask>!gradlew*, !.gitignore, !_apidoc.js</mask>
  </component>
</application>