<application>
  <component name="GitRememberedInputs">
    <option name="visitedUrls">
      <list>
        <UrlAndUserName>
          <option name="url" value="https://git-internal-ad.kabang.io/channel-server/bank_channel_server.git" />
          <option name="userName" value="" />
        </UrlAndUserName>
        <UrlAndUserName>
          <option name="url" value="http://git-internal-ad.kabang.io" />
          <option name="userName" value="gid.good" />
        </UrlAndUserName>
        <UrlAndUserName>
          <option name="url" value="http://git-partner-ad.kabang.io" />
          <option name="userName" value="gid.good" />
        </UrlAndUserName>
      </list>
    </option>
    <option name="cloneParentDir" value="$USER_HOME$/Desktop/goodGid/Spring" />
  </component>
  <component name="VcsApplicationSettings">
    <option name="COMMIT_FROM_LOCAL_CHANGES" value="true" />
  </component>
</application>